<?xml version="1.0"?>
<ruleset name="Coding standards">
	<config name="testVersion" value="7.0-"/>

	<file>christmas-snow-3d.php</file>
	<exclude-pattern>build/*</exclude-pattern>
	<exclude-pattern>vendor/*</exclude-pattern>
	<exclude-pattern>node_modules/*</exclude-pattern>

	<arg name="basepath" value="."/>
	<arg value="ps"/>
	<arg name="colors"/>
	<arg name="parallel" value="100"/>
	<arg name="extensions" value="php"/>
	<arg name="cache" value="node_modules/.phpcs.cache"/>

	<rule ref="PHPCompatibility"/>
	<rule ref="WordPress"/>

	<rule ref="Generic.Metrics.NestingLevel">
		<properties>
			<property name="absoluteNestingLevel" value="5"/>
		</properties>
	</rule>

	<!-- Allow short array syntax -->
	<rule ref="Generic.Arrays.DisallowShortArraySyntax.Found">
		<severity>0</severity>
	</rule>
	<rule ref="Generic.Arrays.DisallowLongArraySyntax.Found"/>
</ruleset>
